Customer ID,Purchase_Frequency,Sales,Churn_Risk
AA-10315,11,5563.56,Low Risk
AA-10375,15,1056.39,Low Risk
AA-10480,12,1790.5120000000002,Low Risk
AA-10645,18,5086.9349999999995,Low Risk
AB-10015,6,886.156,Medium Risk
AB-10060,18,7755.62,Low Risk
AB-10105,20,14473.570999999998,Low Risk
AB-10150,12,966.71,Low Risk
AB-10165,14,1113.838,Low Risk
AB-10255,14,914.5319999999999,Low Risk
AB-10600,8,1515.862,Low Risk
AC-10420,5,925.8,Medium Risk
AC-10450,9,5527.846,Low Risk
AC-10615,18,2537.6859999999997,Low Risk
AC-10660,6,657.316,Medium Risk
AD-10180,12,6106.88,Low Risk
AF-10870,16,2052.908,Low Risk
AF-10885,7,861.565,Medium Risk
AG-10270,14,2582.898,Low Risk
AG-10300,5,367.548,Medium Risk
AG-10330,9,660.972,Low Risk
AG-10390,8,200.945,Low Risk
AG-10495,21,2356.855,Low Risk
AG-10525,9,1455.038,Low Risk
AG-10675,15,3489.0396000000005,Low Risk
AG-10765,5,170.584,Medium Risk
AG-10900,21,4510.797,Low Risk
AH-10030,11,1744.7,Low Risk
AH-10075,20,3250.337,Low Risk
AH-10120,16,1735.5140000000001,Low Risk
AH-10195,8,1587.452,Low Risk
AH-10210,13,4805.344,Low Risk
AH-10465,8,2495.3916,Low Risk
AH-10585,5,738.504,Medium Risk
AH-10690,23,7888.294,Low Risk
AI-10855,18,4375.786,Low Risk
AJ-10780,15,4867.344,Low Risk
AJ-10795,21,4501.391,Low Risk
AJ-10945,10,1839.24,Low Risk
AJ-10960,5,629.2479999999999,Medium Risk
AM-10360,12,814.012,Low Risk
AM-10705,22,5664.022,Low Risk
AO-10810,1,161.28,High Risk
AP-10720,19,1638.554,Low Risk
AP-10915,31,3323.556,Low Risk
AR-10345,5,1055.694,Medium Risk
AR-10405,7,2236.128,Medium Risk
AR-10510,7,264.86400000000003,Medium Risk
AR-10540,9,6608.448,Low Risk
AR-10570,2,88.15,High Risk
AR-10825,13,4523.336,Low Risk
AS-10045,10,3050.692,Low Risk
AS-10090,25,3255.31,Low Risk
AS-10135,3,58.82,High Risk
AS-10225,13,4260.784,Low Risk
AS-10240,13,584.6080000000001,Low Risk
AS-10285,8,3214.236,Low Risk
AS-10630,12,833.398,Low Risk
AT-10435,9,1171.814,Low Risk
AT-10735,16,3831.864,Low Risk
AW-10840,8,649.376,Low Risk
AW-10930,16,2852.968,Low Risk
AY-10555,10,497.014,Low Risk
AZ-10750,12,1622.0179999999998,Low Risk
BB-10990,8,744.3399999999999,Low Risk
BB-11545,20,6765.728,Low Risk
BC-11125,18,2933.676,Low Risk
BD-11320,19,5718.521,Low Risk
BD-11500,10,4411.2429999999995,Low Risk
BD-11560,4,320.54,Medium Risk
BD-11605,20,3288.471,Low Risk
BD-11620,8,1538.11,Low Risk
BD-11635,5,582.646,Medium Risk
BD-11725,10,1526.5,Low Risk
BD-11770,10,658.466,Low Risk
BE-11335,9,4204.676,Low Risk
BE-11410,5,2261.438,Medium Risk
BE-11455,13,1727.652,Low Risk
BF-10975,13,599.798,Low Risk
BF-11005,10,1333.88,Low Risk
BF-11020,21,2888.506,Low Risk
BF-11080,6,272.95,Medium Risk
BF-11170,27,5907.972,Low Risk
BF-11215,8,1585.162,Low Risk
BF-11275,4,791.9899999999999,Medium Risk
BG-11035,12,2798.948,Low Risk
BG-11695,8,1874.172,Low Risk
BG-11740,7,1006.356,Medium Risk
BH-11710,24,6255.351,Low Risk
BK-11260,16,659.1379999999999,Low Risk
BM-11140,16,11789.63,Low Risk
BM-11575,10,808.162,Low Risk
BM-11650,29,7294.185,Low Risk
BM-11785,14,1338.842,Low Risk
BN-11470,6,265.296,Medium Risk
BN-11515,17,1459.344,Low Risk
BO-11350,12,2682.728,Low Risk
BO-11425,2,130.83,High Risk
BP-11050,7,983.42,Medium Risk
BP-11095,20,2442.044,Low Risk
BP-11155,11,1697.8609999999999,Low Risk
BP-11185,18,3675.861,Low Risk
BP-11230,6,1181.49,Medium Risk
BP-11290,16,2475.157,Low Risk
BS-11365,9,10501.653,Low Risk
BS-11380,13,3887.834,Low Risk
BS-11590,10,2454.928,Low Risk
BS-11665,11,3288.1099999999997,Low Risk
BS-11755,14,2562.382,Low Risk
BS-11800,8,949.4300000000001,Low Risk
BT-11305,9,2567.656,Low Risk
BT-11395,10,2186.6130000000003,Low Risk
BT-11440,7,603.876,Medium Risk
BT-11485,3,415.19599999999997,High Risk
BT-11530,10,2684.4919999999997,Low Risk
BT-11680,20,3196.752,Low Risk
BV-11245,14,1523.2730000000001,Low Risk
BW-11065,3,385.516,High Risk
BW-11110,17,4750.358,Low Risk
BW-11200,10,1738.406,Low Risk
CA-11965,10,3789.7228,Low Risk
CA-12055,10,1679.7240000000002,Low Risk
CA-12265,17,2648.2872,Low Risk
CA-12310,11,1421.954,Low Risk
CA-12775,17,3041.566,Low Risk
CB-12025,26,6076.139,Low Risk
CB-12415,12,1949.2,Low Risk
CB-12535,19,4246.4555,Low Risk
CC-12100,13,1770.945,Low Risk
CC-12145,11,2471.65,Low Risk
CC-12220,22,3913.418,Low Risk
CC-12370,11,12129.072000000002,Low Risk
CC-12430,19,2870.05,Low Risk
CC-12475,13,1659.438,Low Risk
CC-12550,4,113.832,Medium Risk
CC-12610,12,2540.631,Low Risk
CC-12670,14,2269.7015,Low Risk
CC-12685,12,2854.1150000000002,Low Risk
CD-11920,9,2033.968,Low Risk
CD-11980,6,639.766,Medium Risk
CD-12280,13,1205.584,Low Risk
CD-12790,15,1860.732,Low Risk
CG-12040,9,904.4680000000001,Low Risk
CG-12520,5,1148.7800000000002,Medium Risk
CH-12070,4,1537.236,Medium Risk
CJ-11875,1,16.52,High Risk
CJ-12010,20,11164.974,Low Risk
CK-12205,32,3154.855,Low Risk
CK-12325,12,2945.321,Low Risk
CK-12595,25,2372.75,Low Risk
CK-12760,14,1582.109,Low Risk
CL-11890,7,1262.0140000000001,Medium Risk
CL-12565,28,10880.546,Low Risk
CL-12700,8,2353.586,Low Risk
CM-11815,10,1673.888,Low Risk
CM-11935,4,565.392,Medium Risk
CM-12115,7,1661.6100000000001,Medium Risk
CM-12160,7,2533.314,Medium Risk
CM-12190,7,1475.144,Medium Risk
CM-12235,8,2305.712,Low Risk
CM-12385,10,8954.019999999999,Low Risk
CM-12445,9,287.99,Low Risk
CM-12655,10,6339.5576,Low Risk
CM-12715,13,3984.4524,Low Risk
CP-12085,14,5402.254,Low Risk
CP-12340,15,5888.275,Low Risk
CR-12580,6,2148.852,Medium Risk
CR-12625,4,475.9,Medium Risk
CR-12730,6,1600.55,Medium Risk
CR-12820,7,1397.8724,Medium Risk
CS-11845,8,1278.954,Low Risk
CS-11860,7,537.632,Medium Risk
CS-11950,22,3036.547,Low Risk
CS-12130,7,884.64,Medium Risk
CS-12175,8,844.4580000000001,Low Risk
CS-12250,28,2754.216,Low Risk
CS-12355,22,3202.1620000000003,Low Risk
CS-12400,14,3651.8585000000003,Low Risk
CS-12460,6,550.644,Medium Risk
CS-12490,9,1077.2285,Low Risk
CS-12505,9,5690.054999999999,Low Risk
CT-11995,18,3241.898,Low Risk
CV-12295,13,2830.6279999999997,Low Risk
CV-12805,19,2370.3136,Low Risk
CW-11905,11,1136.592,Low Risk
CY-12745,11,2900.026,Low Risk
Co-12640,8,1300.076,Low Risk
DA-13450,8,156.76,Low Risk
DB-12910,12,2171.599,Low Risk
DB-12970,14,2839.2272,Low Risk
DB-13060,13,4531.646,Low Risk
DB-13120,14,2973.094,Low Risk
DB-13210,21,2332.577,Low Risk
DB-13270,13,4655.897,Low Risk
DB-13360,6,1081.466,Medium Risk
DB-13405,14,1711.692,Low Risk
DB-13555,14,3908.8028,Low Risk
DB-13615,11,1989.05,Low Risk
DB-13660,10,1155.202,Low Risk
DC-12850,18,3336.168,Low Risk
DC-13285,7,1174.618,Medium Risk
DD-13570,9,269.542,Low Risk
DE-13255,9,2550.874,Low Risk
DF-13135,6,2390.534,Medium Risk
DG-13300,8,3195.818,Low Risk
DH-13075,23,4932.872,Low Risk
DH-13675,11,1043.096,Low Risk
DJ-13420,5,2012.52,Medium Risk
DJ-13510,13,2501.6879999999996,Low Risk
DJ-13630,8,3356.398,Low Risk
DK-12835,27,3256.48,Low Risk
DK-12895,15,4282.176,Low Risk
DK-12985,8,1687.04,Low Risk
DK-13090,13,2650.557,Low Risk
DK-13150,5,797.832,Medium Risk
DK-13225,19,4802.394,Low Risk
DK-13375,23,3318.486,Low Risk
DL-12865,14,1503.112,Low Risk
DL-12925,14,3272.2,Low Risk
DL-13315,17,1458.258,Low Risk
DL-13330,8,585.02,Low Risk
DL-13495,12,3539.322,Low Risk
DM-12955,9,1322.034,Low Risk
DM-13015,20,6345.103,Low Risk
DM-13345,13,4074.4719999999998,Low Risk
DM-13525,10,1376.792,Low Risk
DN-13690,11,2139.79,Low Risk
DO-13435,13,1300.0315,Low Risk
DO-13645,11,1267.316,Low Risk
DP-13000,17,1050.636,Low Risk
DP-13105,14,2215.002,Low Risk
DP-13165,4,1058.616,Medium Risk
DP-13390,14,5480.723999999999,Low Risk
DR-12880,24,6528.034000000001,Low Risk
DR-12940,13,8350.868,Low Risk
DS-13030,19,1762.213,Low Risk
DS-13180,20,2881.8128,Low Risk
DV-13045,9,1119.483,Low Risk
DV-13465,15,3341.587,Low Risk
DW-13195,9,1080.751,Low Risk
DW-13480,11,5271.628,Low Risk
DW-13540,9,344.08,Low Risk
DW-13585,10,1204.854,Low Risk
Dl-13600,6,755.602,Medium Risk
Dp-13240,29,7198.7609999999995,Low Risk
EA-14035,25,2846.705,Low Risk
EB-13705,12,3644.978,Low Risk
EB-13750,20,3236.314,Low Risk
EB-13840,8,4358.128,Low Risk
EB-13870,11,2767.219,Low Risk
EB-13930,7,944.6000000000001,Medium Risk
EB-13975,6,1643.255,Medium Risk
EB-14110,11,3071.126,Low Risk
EB-14170,7,1186.326,Medium Risk
EC-14050,7,461.914,Medium Risk
ED-13885,14,3484.92,Low Risk
EG-13900,9,1832.02,Low Risk
EH-13765,32,10310.880000000001,Low Risk
EH-13945,17,684.1709999999999,Low Risk
EH-13990,8,825.9499999999999,Low Risk
EH-14005,11,1219.53,Low Risk
EH-14125,18,3082.653,Low Risk
EH-14185,8,923.884,Low Risk
EJ-13720,8,2162.174,Low Risk
EJ-14155,8,2656.691,Low Risk
EK-13795,4,1303.478,Medium Risk
EL-13735,2,124.28,High Risk
EM-13810,7,2567.0099999999998,Medium Risk
EM-13825,16,2339.598,Low Risk
EM-13960,6,933.704,Medium Risk
EM-14065,6,228.99,Medium Risk
EM-14095,10,1041.0420000000001,Low Risk
EM-14140,21,4588.436000000001,Low Risk
EM-14200,4,366.822,Medium Risk
EN-13780,9,2199.366,Low Risk
EP-13915,31,5478.0608,Low Risk
ER-13855,5,1245.788,Medium Risk
ES-14020,8,3510.4579999999996,Low Risk
ES-14080,20,4657.924,Low Risk
FA-14230,17,2984.054,Low Risk
FC-14245,14,3418.742,Low Risk
FC-14335,10,3889.366,Low Risk
FG-14260,11,1383.144,Low Risk
FH-14275,21,4256.272,Low Risk
FH-14350,14,2271.284,Low Risk
FH-14365,13,6987.196,Low Risk
FM-14215,15,2456.638,Low Risk
FM-14290,20,3736.198,Low Risk
FM-14380,14,2523.266,Low Risk
FO-14305,15,2678.438,Low Risk
FP-14320,14,4046.746,Low Risk
FW-14395,3,79.75,High Risk
GA-14515,14,3919.7760000000003,Low Risk
GA-14725,22,1398.382,Low Risk
GB-14530,20,1568.44,Low Risk
GB-14575,16,4716.288,Low Risk
GD-14590,6,1888.07,Medium Risk
GG-14650,24,2224.0,Low Risk
GH-14410,17,2819.4669999999996,Low Risk
GH-14425,10,4172.8460000000005,Low Risk
GH-14485,3,1361.2440000000001,High Risk
GH-14665,3,146.94080000000002,High Risk
GK-14620,14,6497.27,Low Risk
GM-14440,11,3582.8199999999997,Low Risk
GM-14455,12,3078.624,Low Risk
GM-14500,13,1255.682,Low Risk
GM-14680,11,3163.628,Low Risk
GM-14695,11,6049.966,Low Risk
GP-14740,5,236.53,Medium Risk
GR-14560,5,1284.38,Medium Risk
GT-14635,6,9351.212,Medium Risk
GT-14710,29,11820.119999999999,Low Risk
GT-14755,7,226.436,Medium Risk
GW-14605,9,2189.019,Low Risk
GZ-14470,14,4355.150000000001,Low Risk
GZ-14545,5,2454.6220000000003,Medium Risk
HA-14905,10,2163.3,Low Risk
HA-14920,18,2584.158,Low Risk
HD-14785,7,251.36,Medium Risk
HE-14800,11,883.5319999999999,Low Risk
HF-14995,19,2533.1639999999998,Low Risk
HG-14845,10,785.628,Low Risk
HG-14965,17,3247.642,Low Risk
HG-15025,11,3690.284,Low Risk
HH-15010,6,218.668,Medium Risk
HJ-14875,6,358.1,Medium Risk
HK-14890,15,4877.784,Low Risk
HL-15040,11,12873.297999999999,Low Risk
HM-14860,20,8236.7648,Low Risk
HM-14980,7,736.276,Medium Risk
HP-14815,10,1990.314,Low Risk
HR-14770,13,1299.288,Low Risk
HR-14830,14,5248.787,Low Risk
HW-14935,20,9300.254,Low Risk
HZ-14950,6,886.52,Medium Risk
IG-15085,7,744.574,Medium Risk
IL-15100,14,5040.736,Low Risk
IM-15055,4,2872.63,Medium Risk
IM-15070,21,4930.474,Low Risk
JA-15970,24,6491.026,Low Risk
JB-15400,16,1791.605,Low Risk
JB-15925,8,900.552,Low Risk
JB-16000,7,644.1188,Medium Risk
JB-16045,9,2518.115,Low Risk
JC-15340,4,71.263,Medium Risk
JC-15385,4,1058.108,Medium Risk
JC-15775,16,2772.055,Low Risk
JC-16105,9,858.576,Low Risk
JD-15790,7,2152.352,Medium Risk
JD-15895,32,7610.8640000000005,Low Risk
JD-16015,11,385.43,Low Risk
JD-16060,6,695.442,Medium Risk
JD-16150,17,8828.0305,Low Risk
JE-15475,13,1388.682,Low Risk
JE-15610,20,7754.976,Low Risk
JE-15715,22,8697.842999999999,Low Risk
JE-15745,23,6760.8150000000005,Low Risk
JE-16165,7,2697.248,Medium Risk
JF-15190,19,2279.5860000000002,Low Risk
JF-15295,14,955.124,Low Risk
JF-15355,16,1911.844,Low Risk
JF-15415,14,2371.448,Low Risk
JF-15490,15,1082.918,Low Risk
JF-15565,16,4198.332,Low Risk
JG-15115,7,2358.676,Medium Risk
JG-15160,18,6366.392,Low Risk
JG-15310,11,2240.58,Low Risk
JG-15805,9,1507.018,Low Risk
JH-15430,7,309.281,Medium Risk
JH-15820,8,528.91,Low Risk
JH-15910,9,959.477,Low Risk
JH-15985,14,7954.9980000000005,Low Risk
JH-16180,5,2256.3940000000002,Medium Risk
JJ-15445,6,709.178,Medium Risk
JJ-15760,3,195.0,High Risk
JK-15205,13,4427.142,Low Risk
JK-15325,4,383.812,Medium Risk
JK-15370,17,2709.632,Low Risk
JK-15625,12,3760.028,Low Risk
JK-15640,12,4760.434,Low Risk
JK-15730,20,4867.2,Low Risk
JK-16090,9,3747.668,Low Risk
JK-16120,17,2932.484,Low Risk
JL-15130,12,1214.956,Low Risk
JL-15175,7,1571.523,Medium Risk
JL-15235,10,2203.7,Low Risk
JL-15505,17,3173.874,Low Risk
JL-15835,34,9799.923,Low Risk
JL-15850,11,2725.256,Low Risk
JM-15250,19,3159.1220000000003,Low Risk
JM-15265,13,1804.146,Low Risk
JM-15535,10,1733.443,Low Risk
JM-15580,7,303.948,Medium Risk
JM-15655,12,864.947,Low Risk
JM-15865,13,7625.076000000001,Low Risk
JM-16195,19,2833.9260000000004,Low Risk
JO-15145,13,3254.949,Low Risk
JO-15280,11,1934.272,Low Risk
JO-15550,11,1090.838,Low Risk
JP-15460,15,1669.135,Low Risk
JP-15520,16,3635.594,Low Risk
JP-16135,13,1707.71,Low Risk
JR-15670,3,1156.658,High Risk
JR-15700,1,863.88,High Risk
JR-16210,10,2201.686,Low Risk
JS-15595,8,1417.654,Low Risk
JS-15685,11,1131.0639999999999,Low Risk
JS-15880,9,3868.02,Low Risk
JS-15940,8,469.169,Low Risk
JS-16030,18,2516.494,Low Risk
JW-15220,14,7721.714,Low Risk
JW-15955,11,1244.086,Low Risk
JW-16075,7,1428.731,Medium Risk
KA-16525,11,1519.506,Low Risk
KB-16240,10,3152.6150000000002,Low Risk
KB-16315,22,1569.464,Low Risk
KB-16405,9,908.821,Low Risk
KB-16585,23,2744.742,Low Risk
KB-16600,9,983.922,Low Risk
KC-16255,10,2120.954,Low Risk
KC-16540,5,3908.262,Medium Risk
KC-16675,7,1146.05,Medium Risk
KD-16270,16,8282.358,Low Risk
KD-16345,10,1888.964,Low Risk
KD-16495,28,8181.256,Low Risk
KD-16615,13,2243.5099999999998,Low Risk
KE-16420,15,1686.7312,Low Risk
KF-16285,18,10604.266,Low Risk
KH-16330,18,3312.864,Low Risk
KH-16360,14,3100.612,Low Risk
KH-16510,23,5952.859,Low Risk
KH-16630,17,3918.9660000000003,Low Risk
KH-16690,15,5990.799,Low Risk
KL-16555,22,5016.488,Low Risk
KL-16645,29,14175.229000000001,Low Risk
KM-16225,19,2260.958,Low Risk
KM-16375,20,5620.186,Low Risk
KM-16660,9,453.538,Low Risk
KM-16720,28,4909.472,Low Risk
KN-16390,17,2617.272,Low Risk
KN-16450,8,2171.962,Low Risk
KN-16705,15,2280.58,Low Risk
KS-16300,4,88.472,Medium Risk
KT-16465,14,3057.1,Low Risk
KT-16480,13,4642.088400000001,Low Risk
KW-16435,10,4416.5199999999995,Low Risk
KW-16570,5,449.096,Medium Risk
LA-16780,26,8673.222,Low Risk
LB-16735,3,50.188,High Risk
LB-16795,24,4985.676,Low Risk
LC-16870,30,2580.7039999999997,Low Risk
LC-16885,23,7663.126,Low Risk
LC-16930,14,4492.946,Low Risk
LC-16960,7,3246.626,Medium Risk
LC-17050,9,2095.064,Low Risk
LC-17140,19,2633.582,Low Risk
LD-16855,1,5.304,High Risk
LD-17005,7,1961.934,Medium Risk
LE-16810,9,1469.45,Low Risk
LF-17185,16,3930.5089999999996,Low Risk
LH-16750,3,287.426,High Risk
LH-16900,15,2295.332,Low Risk
LH-17020,6,318.239,Medium Risk
LH-17155,19,1739.689,Low Risk
LL-16840,12,2741.2039999999997,Low Risk
LM-17065,7,1346.774,Medium Risk
LO-17170,9,644.35,Low Risk
LP-17080,9,756.606,Low Risk
LP-17095,15,3653.399,Low Risk
LR-16915,16,5142.892,Low Risk
LR-17035,12,1879.306,Low Risk
LS-16945,14,2845.27,Low Risk
LS-16975,22,2988.674,Low Risk
LS-17200,14,1010.2560000000001,Low Risk
LS-17230,6,368.88000000000005,Medium Risk
LS-17245,12,1008.1360000000001,Low Risk
LT-16765,3,329.876,High Risk
LT-17110,14,2936.252,Low Risk
LW-16825,15,2238.061,Low Risk
LW-16990,11,3230.308,Low Risk
LW-17125,5,1259.04,Medium Risk
LW-17215,15,5420.514,Low Risk
MA-17560,34,4299.161,Low Risk
MA-17995,12,2453.284,Low Risk
MB-17305,19,1548.702,Low Risk
MB-18085,10,1428.231,Low Risk
MC-17275,13,2725.982,Low Risk
MC-17425,10,4432.138,Low Risk
MC-17575,11,1303.893,Low Risk
MC-17590,17,2426.067,Low Risk
MC-17605,18,2258.192,Low Risk
MC-17635,8,795.154,Low Risk
MC-17845,14,3805.714,Low Risk
MC-18100,19,2218.98,Low Risk
MC-18130,11,1581.9979999999998,Low Risk
MD-17350,17,3766.382,Low Risk
MD-17860,8,1204.91,Low Risk
ME-17320,22,10663.728000000001,Low Risk
ME-17725,13,1908.4532,Low Risk
ME-18010,6,1256.944,Medium Risk
MF-17665,8,937.039,Low Risk
MF-18250,12,1758.3,Low Risk
MG-17650,14,3785.276,Low Risk
MG-17680,10,2350.188,Low Risk
MG-17695,7,1342.282,Medium Risk
MG-17875,7,1242.8329999999999,Medium Risk
MG-17890,13,776.384,Low Risk
MG-18145,8,3061.543,Low Risk
MG-18205,2,16.739,High Risk
MH-17290,13,2394.025,Low Risk
MH-17440,9,400.016,Low Risk
MH-17455,11,2456.1820000000002,Low Risk
MH-17620,6,1252.8,Medium Risk
MH-17785,11,2203.7780000000002,Low Risk
MH-18025,10,2984.948,Low Risk
MH-18115,22,5503.093,Low Risk
MJ-17740,15,6320.746,Low Risk
MK-17905,17,2302.368,Low Risk
MK-18160,11,1031.602,Low Risk
ML-17395,20,2722.843,Low Risk
ML-17410,15,2921.5,Low Risk
ML-17755,13,2071.9139999999998,Low Risk
ML-18040,4,742.082,Medium Risk
ML-18265,3,162.232,High Risk
MM-17260,6,1314.023,Medium Risk
MM-17920,16,3794.0800000000004,Low Risk
MM-18055,19,2749.881,Low Risk
MM-18280,12,775.414,Low Risk
MN-17935,10,2477.946,Low Risk
MO-17500,5,922.487,Medium Risk
MO-17800,11,1687.0269999999998,Low Risk
MO-17950,4,154.288,Medium Risk
MP-17470,14,3206.132,Low Risk
MP-17965,20,3983.6420000000003,Low Risk
MP-18175,19,5087.92,Low Risk
MR-17545,6,639.178,Medium Risk
MS-17365,24,7443.6900000000005,Low Risk
MS-17530,7,475.65599999999995,Medium Risk
MS-17710,15,1613.402,Low Risk
MS-17770,19,3144.678,Low Risk
MS-17830,5,370.348,Medium Risk
MS-17980,11,855.116,Low Risk
MT-17815,10,2890.139,Low Risk
MT-18070,11,1319.4498,Low Risk
MV-17485,15,1560.05,Low Risk
MV-18190,11,1734.574,Low Risk
MW-18220,14,5341.900000000001,Low Risk
MW-18235,3,5253.876,High Risk
MY-17380,13,2254.285,Low Risk
MY-18295,21,4152.696,Low Risk
MZ-17335,6,593.606,Medium Risk
MZ-17515,10,2564.906,Low Risk
NB-18580,2,273.87199999999996,High Risk
NB-18655,17,1972.599,Low Risk
NC-18340,17,2461.404,Low Risk
NC-18415,14,2218.9900000000002,Low Risk
NC-18535,15,8241.739,Low Risk
NC-18625,9,1821.742,Low Risk
ND-18370,18,4326.139,Low Risk
ND-18460,8,2893.455,Low Risk
NF-18385,14,8322.826,Low Risk
NF-18475,4,377.16200000000003,Medium Risk
NF-18595,12,2031.472,Low Risk
NG-18355,16,1869.58,Low Risk
NG-18430,9,1395.9379999999999,Low Risk
NH-18610,11,2673.29,Low Risk
NK-18490,11,572.048,Low Risk
NL-18310,10,1418.0900000000001,Low Risk
NM-18445,14,6459.344,Low Risk
NM-18520,15,2161.979,Low Risk
NP-18325,21,5529.62,Low Risk
NP-18670,10,3908.402,Low Risk
NP-18685,7,1228.698,Medium Risk
NP-18700,13,7903.1825,Low Risk
NR-18550,13,2367.277,Low Risk
NS-18505,15,2575.863,Low Risk
NS-18640,26,2964.823,Low Risk
NW-18400,22,7234.014,Low Risk
NZ-18565,20,2488.31,Low Risk
ON-18715,15,1567.52,Low Risk
OT-18730,10,3818.624,Low Risk
PA-19060,7,729.408,Medium Risk
PB-18805,10,740.356,Low Risk
PB-19105,5,688.324,Medium Risk
PB-19150,11,1456.95,Low Risk
PB-19210,2,132.738,High Risk
PC-18745,5,1832.064,Medium Risk
PC-19000,3,1061.488,High Risk
PF-19120,19,9062.864,Low Risk
PF-19165,10,2770.0,Low Risk
PF-19225,10,2206.1279999999997,Low Risk
PG-18820,26,3086.907,Low Risk
PG-18895,17,1987.164,Low Risk
PH-18790,2,729.648,High Risk
PJ-18835,13,1220.09,Low Risk
PJ-19015,10,1824.2340000000002,Low Risk
PK-18910,3,1441.152,High Risk
PK-19075,25,8646.934,Low Risk
PL-18925,8,239.481,Low Risk
PM-18940,4,1405.402,Medium Risk
PM-19135,7,4115.662,Medium Risk
PN-18775,13,1467.152,Low Risk
PO-18850,22,7473.8282,Low Risk
PO-18865,13,2493.214,Low Risk
PO-19180,18,4893.043,Low Risk
PO-19195,10,1056.858,Low Risk
PP-18955,34,7252.608,Low Risk
PR-18880,12,1840.178,Low Risk
PS-18760,21,2181.479,Low Risk
PS-18970,13,1278.639,Low Risk
PS-19045,13,6843.634,Low Risk
PT-19090,7,160.572,Medium Risk
PV-18985,13,2876.046,Low Risk
PW-19030,13,3454.916,Low Risk
PW-19240,12,3922.4150000000004,Low Risk
QJ-19255,13,6108.338,Low Risk
RA-19285,17,2617.906,Low Risk
RA-19885,15,3832.314,Low Risk
RA-19915,22,4793.543,Low Risk
RA-19945,9,1686.9225,Low Risk
RB-19330,6,1008.1959999999999,Medium Risk
RB-19360,18,15117.339,Low Risk
RB-19435,16,2663.0860000000002,Low Risk
RB-19465,23,4715.466,Low Risk
RB-19570,9,528.546,Low Risk
RB-19645,7,221.084,Medium Risk
RB-19705,7,2067.45,Medium Risk
RB-19795,18,5633.316000000001,Low Risk
RC-19825,10,966.409,Low Risk
RC-19960,11,885.752,Low Risk
RD-19480,15,4272.93,Low Risk
RD-19585,19,2912.8940000000002,Low Risk
RD-19660,5,2786.632,Medium Risk
RD-19720,20,1419.737,Low Risk
RD-19810,16,1137.616,Low Risk
RD-19900,21,3133.924,Low Risk
RD-19930,10,970.9420000000001,Low Risk
RE-19405,1,48.36,High Risk
RE-19450,9,876.696,Low Risk
RF-19345,16,3309.15,Low Risk
RF-19735,14,2341.2960000000003,Low Risk
RF-19840,11,945.222,Low Risk
RH-19495,8,3621.3759999999997,Low Risk
RH-19510,12,6979.18,Low Risk
RH-19555,3,740.382,High Risk
RH-19600,11,2085.7400000000002,Low Risk
RK-19300,8,1460.192,Low Risk
RL-19615,24,6234.91,Low Risk
RM-19375,9,1453.474,Low Risk
RM-19675,11,5979.0960000000005,Low Risk
RM-19750,2,98.35,High Risk
RO-19780,12,3815.478,Low Risk
RP-19270,12,954.6452,Low Risk
RP-19390,25,5153.084,Low Risk
RP-19855,15,2170.716,Low Risk
RR-19315,4,615.932,Medium Risk
RR-19525,10,3302.2619999999997,Low Risk
RS-19420,9,3221.29,Low Risk
RS-19765,14,4159.7699999999995,Low Risk
RS-19870,3,22.328,High Risk
RW-19540,23,7397.401,Low Risk
RW-19630,16,3279.746,Low Risk
RW-19690,15,3495.646,Low Risk
SA-20830,21,4767.3415,Low Risk
SB-20170,7,1348.02,Medium Risk
SB-20185,12,6410.996,Low Risk
SB-20290,17,8057.891,Low Risk
SC-20020,17,3362.9636,Low Risk
SC-20050,15,4624.572,Low Risk
SC-20095,22,14142.333999999999,Low Risk
SC-20230,11,4371.9580000000005,Low Risk
SC-20260,18,3729.7929999999997,Low Risk
SC-20305,12,3979.065,Low Risk
SC-20380,20,5992.536,Low Risk
SC-20440,10,1874.998,Low Risk
SC-20575,7,902.7280000000001,Medium Risk
SC-20680,8,1254.64,Low Risk
SC-20695,14,2576.408,Low Risk
SC-20725,26,5226.21,Low Risk
SC-20770,21,4492.657,Low Risk
SC-20800,5,279.25600000000003,Medium Risk
SC-20845,4,280.632,Medium Risk
SD-20485,21,6121.114,Low Risk
SE-20110,19,12209.438000000002,Low Risk
SF-20065,9,763.5459999999999,Low Risk
SF-20200,15,3422.7859999999996,Low Risk
SF-20965,17,3336.535,Low Risk
SG-20080,11,3406.5809999999997,Low Risk
SG-20470,14,1884.798,Low Risk
SG-20605,13,3124.832,Low Risk
SG-20890,5,47.946,Medium Risk
SH-19975,29,3406.8395,Low Risk
SH-20395,15,2180.718,Low Risk
SH-20635,2,2096.392,High Risk
SJ-20125,24,3949.656,Low Risk
SJ-20215,10,1341.036,Low Risk
SJ-20500,7,1318.776,Medium Risk
SK-19990,5,883.409,Medium Risk
SL-20155,9,3053.012,Low Risk
SM-20005,6,244.49399999999997,Medium Risk
SM-20320,15,25043.05,Low Risk
SM-20905,6,1043.041,Medium Risk
SM-20950,22,5563.392,Low Risk
SN-20560,15,1860.418,Low Risk
SN-20710,19,3127.9592,Low Risk
SO-20335,15,2602.5755,Low Risk
SP-20545,10,1306.086,Low Risk
SP-20620,24,5440.319,Low Risk
SP-20650,15,1872.4360000000001,Low Risk
SP-20860,24,4282.94,Low Risk
SP-20920,14,3990.689,Low Risk
SR-20425,9,3233.481,Low Risk
SR-20740,12,4345.8859999999995,Low Risk
SS-20140,21,1324.028,Low Risk
SS-20410,12,3056.8070000000002,Low Risk
SS-20515,6,613.4,Medium Risk
SS-20590,9,418.49,Low Risk
SS-20875,15,964.636,Low Risk
ST-20530,12,433.34000000000003,Low Risk
SU-20665,18,2595.364,Low Risk
SV-20365,32,11470.949999999999,Low Risk
SV-20785,25,4105.305,Low Risk
SV-20815,6,1271.0900000000001,Medium Risk
SV-20935,13,1903.491,Low Risk
SW-20245,10,1085.078,Low Risk
SW-20275,7,1966.65,Medium Risk
SW-20350,6,1019.044,Medium Risk
SW-20455,9,2921.544,Low Risk
SW-20755,8,758.6959999999999,Low Risk
SZ-20035,20,3625.329,Low Risk
TA-21385,10,14595.62,Low Risk
TB-21055,18,1467.881,Low Risk
TB-21175,11,3589.296,Low Risk
TB-21190,4,816.1740000000001,Medium Risk
TB-21250,19,1602.376,Low Risk
TB-21280,11,2198.45,Low Risk
TB-21355,13,834.328,Low Risk
TB-21400,17,9133.99,Low Risk
TB-21520,20,4737.486,Low Risk
TB-21595,7,1387.559,Medium Risk
TB-21625,15,2797.668,Low Risk
TC-20980,12,19052.218,Low Risk
TC-21145,4,1038.26,Medium Risk
TC-21295,16,4266.812,Low Risk
TC-21475,11,1244.976,Low Risk
TC-21535,10,742.5580000000001,Low Risk
TD-20995,16,1434.5480000000002,Low Risk
TG-21310,9,3058.372,Low Risk
TG-21640,10,2074.661,Low Risk
TH-21100,7,2422.824,Medium Risk
TH-21115,9,2942.772,Low Risk
TH-21235,13,1022.201,Low Risk
TH-21550,13,4234.0960000000005,Low Risk
TM-21010,19,2955.2259999999997,Low Risk
TM-21490,4,1094.6779999999999,Medium Risk
TN-21040,12,3130.221,Low Risk
TP-21130,16,4454.0560000000005,Low Risk
TP-21415,10,5329.0048,Low Risk
TP-21565,10,1936.6399999999999,Low Risk
TR-21325,7,675.9419999999999,Medium Risk
TS-21085,2,4.833,High Risk
TS-21160,17,2163.6240000000003,Low Risk
TS-21205,19,5371.09,Low Risk
TS-21340,12,974.7819999999999,Low Risk
TS-21370,15,11891.751,Low Risk
TS-21430,7,2054.14,Medium Risk
TS-21505,14,2243.274,Low Risk
TS-21610,11,2820.424,Low Risk
TS-21655,14,3368.094,Low Risk
TT-21070,14,4915.602,Low Risk
TT-21220,15,1427.0439999999999,Low Risk
TT-21265,3,439.5,High Risk
TT-21460,14,5364.808,Low Risk
TW-21025,12,5278.826,Low Risk
TZ-21580,9,1707.286,Low Risk
VB-21745,10,2005.596,Low Risk
VD-21670,16,6442.254,Low Risk
VF-21715,11,847.944,Low Risk
VG-21790,8,846.01,Low Risk
VG-21805,6,427.372,Medium Risk
VM-21685,12,2454.866,Low Risk
VM-21835,8,380.69,Low Risk
VP-21730,5,993.9019999999999,Medium Risk
VP-21760,14,3360.526,Low Risk
VS-21820,8,1055.981,Low Risk
VT-21700,9,1736.596,Low Risk
VW-21775,18,6134.0380000000005,Low Risk
WB-21850,37,6160.102,Low Risk
XP-21865,28,2374.658,Low Risk
YC-21895,8,5454.35,Low Risk
YS-21880,12,6720.4439999999995,Low Risk
ZC-21910,31,8025.707,Low Risk
ZD-21925,9,1493.944,Low Risk
